Filename	Background file	Start point (in seconds)	SNR
common_voice_he_38078769	noise-free-sound-0119.wav	31.75	0.44
common_voice_he_38078770	noise-free-sound-0840.wav	60.27	0.79
common_voice_he_38078771	noise-free-sound-0700.wav	23.71	0.24
common_voice_he_38078772	noise-free-sound-0248.wav	12.19	0.36
common_voice_he_38078773	noise-free-sound-0784.wav	18.64	1.33
common_voice_he_38078774	noise-free-sound-0551.wav	16.11	2.80
common_voice_he_38078776	noise-free-sound-0572.wav	113.70	3.36
common_voice_he_38078777	noise-free-sound-0544.wav	72.08	2.62
common_voice_he_38078778	noise-free-sound-0698.wav	37.96	4.44
common_voice_he_38078779	noise-free-sound-0266.wav	3.99	5.02
common_voice_he_38078780	noise-free-sound-0293.wav	19.53	2.14
common_voice_he_38078781	noise-free-sound-0239.wav	18.11	2.08
common_voice_he_38078782	noise-free-sound-0572.wav	5.69	0.91
common_voice_he_38078783	noise-free-sound-0031.wav	27.88	5.85
common_voice_he_38078784	noise-free-sound-0804.wav	5.94	0.32
common_voice_he_38078785	noise-free-sound-0035.wav	23.09	5.42
common_voice_he_38078786	noise-free-sound-0840.wav	61.12	1.99
common_voice_he_38078787	noise-free-sound-0560.wav	228.70	3.17
common_voice_he_38085633	noise-free-sound-0594.wav	19.87	3.28
common_voice_he_38085634	noise-free-sound-0301.wav	168.65	3.68
common_voice_he_38085635	noise-free-sound-0533.wav	23.78	2.22
common_voice_he_38085636	noise-free-sound-0634.wav	19.85	5.07
common_voice_he_38085637	noise-free-sound-0155.wav	18.10	3.31
common_voice_he_38085643	noise-free-sound-0020.wav	47.50	5.95
common_voice_he_38085644	noise-free-sound-0269.wav	26.16	4.16
common_voice_he_38085645	noise-free-sound-0544.wav	32.27	5.41
common_voice_he_38085646	noise-free-sound-0165.wav	8.71	1.51
common_voice_he_38085648	noise-free-sound-0824.wav	16.53	3.68
common_voice_he_38085649	noise-free-sound-0600.wav	28.39	1.22
common_voice_he_38085651	noise-free-sound-0002.wav	64.52	4.43
common_voice_he_38085652	noise-free-sound-0280.wav	42.29	5.34
common_voice_he_38085653	noise-free-sound-0381.wav	7.15	2.63
common_voice_he_38085655	noise-free-sound-0647.wav	6.76	5.17
common_voice_he_38085657	noise-free-sound-0454.wav	1.02	4.82
common_voice_he_38094116	noise-free-sound-0699.wav	73.76	4.79
common_voice_he_38094117	noise-free-sound-0726.wav	25.78	0.33
common_voice_he_38094118	noise-free-sound-0784.wav	6.02	5.01
common_voice_he_38094124	noise-free-sound-0752.wav	8.70	5.39
common_voice_he_38094125	noise-free-sound-0519.wav	3.97	2.92
common_voice_he_38094126	noise-free-sound-0699.wav	105.64	5.45
common_voice_he_38094128	noise-free-sound-0272.wav	28.21	0.71
common_voice_he_38094978	noise-free-sound-0594.wav	124.88	1.41
common_voice_he_38094979	noise-free-sound-0605.wav	1.77	0.25
common_voice_he_38094980	noise-free-sound-0151.wav	41.36	1.46
common_voice_he_38094981	noise-free-sound-0533.wav	24.95	5.00
common_voice_he_38104806	noise-free-sound-0154.wav	52.42	5.97
common_voice_he_38104807	noise-free-sound-0032.wav	25.68	5.67
common_voice_he_38104808	noise-free-sound-0105.wav	276.38	5.12
common_voice_he_38104809	noise-free-sound-0726.wav	102.16	4.66
common_voice_he_38104821	noise-free-sound-0784.wav	6.35	0.33
common_voice_he_38104823	noise-free-sound-0436.wav	6.67	3.49
common_voice_he_38104824	noise-free-sound-0232.wav	15.12	2.42
common_voice_he_38104831	noise-free-sound-0165.wav	21.85	2.63
common_voice_he_38104832	noise-free-sound-0459.wav	17.06	3.44
common_voice_he_38104834	noise-free-sound-0370.wav	16.46	5.84
common_voice_he_38115877	noise-free-sound-0055.wav	6.88	5.83
common_voice_he_38115879	noise-free-sound-0754.wav	61.84	3.61
common_voice_he_38118859	noise-free-sound-0634.wav	2.91	1.82
common_voice_he_38118861	noise-free-sound-0723.wav	41.67	1.96
common_voice_he_38118862	noise-free-sound-0545.wav	24.52	1.28
common_voice_he_38118863	noise-free-sound-0340.wav	14.96	4.65
common_voice_he_38118866	noise-free-sound-0634.wav	1.76	2.14
common_voice_he_38118867	noise-free-sound-0649.wav	36.57	5.17
common_voice_he_38118868	noise-free-sound-0754.wav	2.67	5.92
common_voice_he_38118869	noise-free-sound-0647.wav	29.12	5.32
common_voice_he_38118870	noise-free-sound-0804.wav	35.03	4.26
common_voice_he_38118871	noise-free-sound-0322.wav	15.82	3.70
common_voice_he_38118873	noise-free-sound-0254.wav	4.53	5.10
common_voice_he_38118874	noise-free-sound-0184.wav	8.51	1.67
common_voice_he_38118875	noise-free-sound-0278.wav	10.39	1.29
common_voice_he_38118876	noise-free-sound-0177.wav	76.94	4.70
common_voice_he_38118877	noise-free-sound-0787.wav	9.28	4.48
common_voice_he_38118878	noise-free-sound-0594.wav	44.31	5.37
common_voice_he_38118879	noise-free-sound-0752.wav	25.41	2.77
common_voice_he_38142066	noise-free-sound-0020.wav	13.73	4.19
common_voice_he_38142067	noise-free-sound-0531.wav	15.80	5.43
common_voice_he_38142068	noise-free-sound-0269.wav	27.57	3.85
common_voice_he_38142069	noise-free-sound-0644.wav	51.31	1.96
common_voice_he_38142070	noise-free-sound-0707.wav	14.67	3.55
common_voice_he_38142071	noise-free-sound-0382.wav	22.28	4.47
common_voice_he_38142073	noise-free-sound-0064.wav	53.56	0.78
common_voice_he_38142074	noise-free-sound-0451.wav	32.71	2.78
common_voice_he_38142075	noise-free-sound-0728.wav	103.45	1.28
common_voice_he_38142076	noise-free-sound-0546.wav	69.06	1.14
common_voice_he_38142078	noise-free-sound-0184.wav	6.04	5.16
common_voice_he_38142079	noise-free-sound-0106.wav	57.69	5.58
common_voice_he_38142080	noise-free-sound-0055.wav	24.88	3.06
common_voice_he_38142081	noise-free-sound-0754.wav	68.07	1.73
common_voice_he_38142083	noise-free-sound-0248.wav	7.72	1.04
common_voice_he_38142084	noise-free-sound-0117.wav	27.44	5.14
common_voice_he_38142085	noise-free-sound-0151.wav	5.93	0.19
common_voice_he_38142086	noise-free-sound-0288.wav	50.27	2.64
common_voice_he_38142087	noise-sound-bible-0044.wav	20.01	3.19
common_voice_he_38142088	noise-free-sound-0216.wav	27.87	0.14
common_voice_he_38142089	noise-free-sound-0592.wav	10.23	1.92
common_voice_he_38142090	noise-free-sound-0288.wav	37.98	1.35
common_voice_he_38142096	noise-free-sound-0740.wav	17.31	2.83
common_voice_he_38142097	noise-free-sound-0290.wav	33.55	3.20
common_voice_he_38142098	noise-free-sound-0497.wav	14.80	4.63
common_voice_he_38142099	noise-free-sound-0605.wav	24.13	0.67
common_voice_he_38142101	noise-free-sound-0266.wav	18.88	4.46
common_voice_he_38142102	noise-free-sound-0239.wav	5.38	5.23
common_voice_he_38142103	noise-free-sound-0301.wav	58.01	4.60
common_voice_he_38142104	noise-free-sound-0216.wav	14.33	4.03
common_voice_he_38142105	noise-free-sound-0321.wav	3.02	2.19
common_voice_he_38146664	noise-free-sound-0282.wav	9.52	4.90
common_voice_he_38146666	noise-free-sound-0230.wav	19.26	1.94
common_voice_he_38146667	noise-free-sound-0572.wav	89.75	2.15
common_voice_he_38146669	noise-sound-bible-0083.wav	10.67	4.20
common_voice_he_38146672	noise-free-sound-0048.wav	263.41	2.94
common_voice_he_38146694	noise-free-sound-0106.wav	21.70	3.68
common_voice_he_38146695	noise-free-sound-0430.wav	39.64	4.15
common_voice_he_38146696	noise-free-sound-0154.wav	5.31	4.56
common_voice_he_38146702	noise-sound-bible-0076.wav	18.30	2.49
common_voice_he_38146703	noise-free-sound-0651.wav	39.26	5.43
common_voice_he_38146705	noise-free-sound-0545.wav	20.60	1.17
common_voice_he_38146706	noise-free-sound-0647.wav	55.31	2.37
common_voice_he_38195450	noise-free-sound-0381.wav	15.65	2.89
common_voice_he_38195452	noise-free-sound-0480.wav	4.03	5.44
common_voice_he_38195454	noise-sound-bible-0045.wav	1.34	0.78
common_voice_he_38196114	noise-free-sound-0733.wav	21.78	3.65
common_voice_he_38196115	noise-free-sound-0232.wav	32.20	0.87
common_voice_he_38196117	noise-free-sound-0370.wav	23.87	5.68
common_voice_he_38196118	noise-free-sound-0842.wav	63.00	2.48
common_voice_he_38196119	noise-free-sound-0592.wav	2.38	1.22
common_voice_he_38196120	noise-free-sound-0109.wav	7.13	0.42
common_voice_he_38196121	noise-free-sound-0623.wav	26.38	3.76
common_voice_he_38196122	noise-free-sound-0841.wav	1.93	4.41
common_voice_he_38196123	noise-free-sound-0001.wav	9.22	1.27
common_voice_he_38196124	noise-free-sound-0580.wav	110.28	5.77
common_voice_he_38196125	noise-free-sound-0243.wav	0.21	4.81
common_voice_he_38196126	noise-sound-bible-0049.wav	7.84	1.64
common_voice_he_38283249	noise-free-sound-0334.wav	123.94	1.07
common_voice_he_38283250	noise-free-sound-0308.wav	1.16	5.89
common_voice_he_38283253	noise-free-sound-0266.wav	19.25	0.44
common_voice_he_38568963	noise-free-sound-0233.wav	26.80	2.74
common_voice_he_38568964	noise-free-sound-0011.wav	3.07	3.65
common_voice_he_38568965	noise-free-sound-0101.wav	92.59	4.18
common_voice_he_38568966	noise-free-sound-0567.wav	7.63	5.65
common_voice_he_38568967	noise-free-sound-0600.wav	8.59	2.43
common_voice_he_38623331	noise-free-sound-0243.wav	11.63	0.62
common_voice_he_38623332	noise-free-sound-0073.wav	31.19	0.73
common_voice_he_38623333	noise-free-sound-0177.wav	55.47	1.79
common_voice_he_38623334	noise-free-sound-0732.wav	22.91	4.74
common_voice_he_38623347	noise-free-sound-0700.wav	14.92	2.08
common_voice_he_38623348	noise-free-sound-0244.wav	58.15	5.40
common_voice_he_38623349	noise-free-sound-0102.wav	17.07	2.12
common_voice_he_38744643	noise-free-sound-0546.wav	52.99	0.78
common_voice_he_38744644	noise-free-sound-0262.wav	5.24	3.90
common_voice_he_38744646	noise-free-sound-0177.wav	45.27	3.32
common_voice_he_38744647	noise-free-sound-0153.wav	27.59	1.75
common_voice_he_38883182	noise-free-sound-0239.wav	4.66	5.22
common_voice_he_38883183	noise-free-sound-0634.wav	57.52	3.50
common_voice_he_38883184	noise-free-sound-0020.wav	0.99	1.70
common_voice_he_38883186	noise-free-sound-0322.wav	11.06	3.97
common_voice_he_38883685	noise-free-sound-0233.wav	21.15	0.36
common_voice_he_38883686	noise-free-sound-0441.wav	16.92	3.65
common_voice_he_38883687	noise-free-sound-0710.wav	39.86	0.45
common_voice_he_38883688	noise-free-sound-0681.wav	54.06	4.56
common_voice_he_38883689	noise-free-sound-0545.wav	11.51	2.31
common_voice_he_39326813	noise-free-sound-0841.wav	46.40	2.10
common_voice_he_39326815	noise-free-sound-0568.wav	67.90	0.64
common_voice_he_39326816	noise-free-sound-0293.wav	14.31	1.86
common_voice_he_39326817	noise-free-sound-0546.wav	51.43	4.14
common_voice_he_39326818	noise-free-sound-0623.wav	1.27	0.25
common_voice_he_39326825	noise-free-sound-0551.wav	3.70	2.23
common_voice_he_39326826	noise-free-sound-0646.wav	29.41	1.99
common_voice_he_39326827	noise-free-sound-0262.wav	20.33	0.30
common_voice_he_39326828	noise-free-sound-0480.wav	25.26	3.49
common_voice_he_39326830	noise-free-sound-0042.wav	215.94	1.56
common_voice_he_39326852	noise-free-sound-0770.wav	35.31	0.54
common_voice_he_39326853	noise-free-sound-0233.wav	10.18	2.91
common_voice_he_39326854	noise-free-sound-0674.wav	9.39	5.27
common_voice_he_39326855	noise-free-sound-0234.wav	23.97	0.51
common_voice_he_39326856	noise-free-sound-0398.wav	11.82	3.67
common_voice_he_39326862	noise-free-sound-0840.wav	9.35	0.39
common_voice_he_39326863	noise-free-sound-0001.wav	13.43	2.71
common_voice_he_39326864	noise-free-sound-0497.wav	187.89	0.54
common_voice_he_39326865	noise-free-sound-0105.wav	63.89	1.56
common_voice_he_39326866	noise-free-sound-0035.wav	23.59	1.03
common_voice_he_39327003	noise-free-sound-0709.wav	13.04	3.72
common_voice_he_39327004	noise-free-sound-0381.wav	3.97	2.05
common_voice_he_39327005	noise-free-sound-0155.wav	7.23	5.68
common_voice_he_39327006	noise-free-sound-0726.wav	84.90	2.24
common_voice_he_39327007	noise-free-sound-0156.wav	82.71	1.80
common_voice_he_39327020	noise-free-sound-0266.wav	25.64	5.40
common_voice_he_39327022	noise-free-sound-0101.wav	101.64	5.20
common_voice_he_39327024	noise-free-sound-0430.wav	26.09	0.72
common_voice_he_39327025	noise-free-sound-0707.wav	9.49	2.01
common_voice_he_39327027	noise-free-sound-0184.wav	23.07	2.44
common_voice_he_39327033	noise-free-sound-0442.wav	51.98	4.89
common_voice_he_39327038	noise-free-sound-0457.wav	15.62	3.35
common_voice_he_39327040	noise-sound-bible-0045.wav	18.14	1.03
common_voice_he_39327041	noise-free-sound-0651.wav	22.29	3.34
common_voice_he_39327047	noise-free-sound-0015.wav	4.77	5.74
common_voice_he_39327048	noise-free-sound-0494.wav	42.98	1.96
common_voice_he_39327049	noise-free-sound-0784.wav	21.18	5.50
common_voice_he_39327050	noise-free-sound-0606.wav	54.05	2.63
common_voice_he_39327051	noise-free-sound-0239.wav	26.21	2.38
common_voice_he_39327063	noise-free-sound-0787.wav	19.06	4.38
common_voice_he_39327065	noise-free-sound-0160.wav	18.21	5.30
common_voice_he_39327066	noise-free-sound-0661.wav	25.27	2.71
common_voice_he_39327068	noise-free-sound-0290.wav	25.91	2.01
common_voice_he_39327081	noise-free-sound-0088.wav	18.44	1.98
common_voice_he_39327082	noise-free-sound-0012.wav	25.60	5.89
common_voice_he_39327084	noise-free-sound-0254.wav	33.77	4.18
common_voice_he_39327085	noise-free-sound-0710.wav	10.49	4.28
common_voice_he_39327091	noise-free-sound-0282.wav	6.60	0.70
common_voice_he_39327092	noise-free-sound-0605.wav	2.35	4.16
common_voice_he_39327093	noise-free-sound-0261.wav	6.19	5.14
common_voice_he_39327094	noise-free-sound-0787.wav	6.11	4.16
common_voice_he_39327095	noise-free-sound-0804.wav	30.19	4.77
common_voice_he_39327096	noise-free-sound-0787.wav	4.73	2.34
common_voice_he_39327097	noise-free-sound-0117.wav	7.60	5.53
common_voice_he_39327098	noise-free-sound-0266.wav	4.45	0.48
common_voice_he_39327099	noise-free-sound-0592.wav	21.40	5.06
common_voice_he_39327100	noise-free-sound-0700.wav	10.47	4.90
common_voice_he_39327103	noise-free-sound-0131.wav	7.58	5.94
common_voice_he_39327105	noise-free-sound-0743.wav	17.71	3.06
common_voice_he_39327107	noise-free-sound-0677.wav	87.20	1.46
common_voice_he_39327109	noise-free-sound-0433.wav	31.90	2.80
common_voice_he_39327110	noise-free-sound-0324.wav	20.32	1.20
common_voice_he_39327112	noise-free-sound-0155.wav	64.66	5.55
common_voice_he_39327118	noise-free-sound-0544.wav	12.70	5.16
common_voice_he_39327119	noise-free-sound-0384.wav	158.10	1.31
common_voice_he_39327120	noise-free-sound-0239.wav	0.35	2.28
common_voice_he_39327121	noise-free-sound-0184.wav	10.16	4.85
common_voice_he_39327123	noise-free-sound-0227.wav	5.76	3.21
common_voice_he_39327124	noise-free-sound-0533.wav	1.37	1.88
common_voice_he_39327125	noise-free-sound-0451.wav	12.56	4.32
common_voice_he_39327126	noise-free-sound-0383.wav	25.35	3.37
common_voice_he_39327137	noise-free-sound-0770.wav	21.98	3.48
common_voice_he_39327138	noise-free-sound-0792.wav	21.03	1.70
common_voice_he_39327139	noise-sound-bible-0054.wav	21.38	2.14
common_voice_he_39327140	noise-sound-bible-0045.wav	0.51	5.53
common_voice_he_39327141	noise-free-sound-0545.wav	10.26	3.84
common_voice_he_39327147	noise-free-sound-0647.wav	32.05	0.12
common_voice_he_39327148	noise-sound-bible-0083.wav	14.91	2.14
common_voice_he_39327151	noise-free-sound-0270.wav	93.13	5.48
common_voice_he_39327152	noise-free-sound-0606.wav	7.90	0.44
common_voice_he_39327181	noise-free-sound-0348.wav	25.86	5.57
common_voice_he_39327182	noise-free-sound-0623.wav	11.80	3.83
common_voice_he_39327183	noise-free-sound-0592.wav	13.83	1.60
common_voice_he_39327184	noise-free-sound-0733.wav	8.91	1.28
common_voice_he_39327185	noise-free-sound-0433.wav	26.96	3.64
common_voice_he_39327196	noise-free-sound-0160.wav	17.34	3.18
common_voice_he_39327197	noise-free-sound-0032.wav	36.55	5.31
common_voice_he_39327198	noise-free-sound-0729.wav	27.25	2.66
common_voice_he_39327199	noise-free-sound-0623.wav	3.22	3.59
common_voice_he_39327200	noise-free-sound-0110.wav	28.24	0.42
common_voice_he_39327214	noise-free-sound-0699.wav	21.58	3.21
common_voice_he_39327215	noise-free-sound-0699.wav	7.99	1.96
common_voice_he_39327216	noise-free-sound-0614.wav	1.71	3.88
common_voice_he_39327217	noise-free-sound-0304.wav	19.45	2.09
common_voice_he_39327218	noise-free-sound-0031.wav	16.11	2.64
common_voice_he_39350850	noise-free-sound-0472.wav	9.89	1.62
common_voice_he_39350851	noise-free-sound-0567.wav	42.76	3.00
common_voice_he_39350852	noise-free-sound-0461.wav	6.63	1.69
common_voice_he_39642806	noise-free-sound-0272.wav	31.24	0.59
common_voice_he_39642807	noise-free-sound-0441.wav	35.93	1.19
common_voice_he_39642808	noise-free-sound-0114.wav	36.08	2.87
common_voice_he_39642809	noise-free-sound-0064.wav	42.40	0.94
common_voice_he_39642810	noise-free-sound-0243.wav	34.74	4.62
common_voice_he_39642811	noise-free-sound-0234.wav	31.53	1.25
common_voice_he_39642813	noise-free-sound-0308.wav	13.97	5.89
common_voice_he_39642814	noise-free-sound-0370.wav	26.26	5.04
common_voice_he_39642815	noise-free-sound-0287.wav	28.50	2.20
common_voice_he_39642817	noise-free-sound-0382.wav	48.12	3.93
common_voice_he_39642818	noise-free-sound-0153.wav	25.22	1.69
common_voice_he_39642819	noise-free-sound-0661.wav	10.61	4.64
common_voice_he_39659793	noise-free-sound-0497.wav	33.80	1.91
common_voice_he_39659794	noise-free-sound-0567.wav	29.55	0.44
common_voice_he_39659795	noise-free-sound-0818.wav	4.17	3.85
common_voice_he_39659796	noise-free-sound-0340.wav	6.80	0.08
common_voice_he_39659797	noise-free-sound-0348.wav	39.59	5.85
common_voice_he_39750876	noise-free-sound-0640.wav	13.10	1.75
common_voice_he_39750877	noise-free-sound-0073.wav	21.02	1.14
common_voice_he_39750878	noise-free-sound-0792.wav	10.08	5.82
common_voice_he_39750933	noise-free-sound-0256.wav	1.67	5.76
common_voice_he_39750937	noise-free-sound-0370.wav	50.92	5.33
common_voice_he_39753055	noise-free-sound-0580.wav	84.38	5.42
common_voice_he_39753056	noise-free-sound-0130.wav	31.37	2.29
common_voice_he_39753057	noise-free-sound-0382.wav	26.75	3.55
common_voice_he_39753058	noise-free-sound-0647.wav	45.64	3.66
common_voice_he_39753059	noise-free-sound-0699.wav	33.87	3.23
common_voice_he_39753067	noise-free-sound-0161.wav	48.17	5.60
common_voice_he_39753068	noise-free-sound-0677.wav	32.18	0.59
common_voice_he_39753069	noise-free-sound-0472.wav	50.98	1.51
common_voice_he_39753070	noise-free-sound-0121.wav	1.34	4.53
common_voice_he_39753072	noise-free-sound-0384.wav	95.95	2.42
common_voice_he_39753082	noise-free-sound-0247.wav	46.38	5.95
common_voice_he_39753083	noise-free-sound-0677.wav	5.26	5.92
common_voice_he_39753088	noise-sound-bible-0076.wav	20.66	2.61
common_voice_he_39753089	noise-free-sound-0270.wav	38.05	2.11
common_voice_he_39753112	noise-free-sound-0173.wav	80.17	0.77
common_voice_he_39753113	noise-free-sound-0649.wav	34.63	4.17
common_voice_he_39753114	noise-free-sound-0076.wav	59.33	2.58
common_voice_he_39753115	noise-free-sound-0567.wav	87.22	0.63
common_voice_he_39753116	noise-free-sound-0105.wav	7.15	2.11
common_voice_he_39753131	noise-free-sound-0461.wav	46.19	0.53
common_voice_he_39753133	noise-free-sound-0105.wav	291.21	2.24
common_voice_he_39753134	noise-free-sound-0266.wav	12.45	4.68
common_voice_he_39753135	noise-free-sound-0572.wav	26.43	5.15
common_voice_he_39753136	noise-free-sound-0370.wav	44.75	1.30
common_voice_he_39753149	noise-free-sound-0216.wav	7.75	5.77
common_voice_he_39753150	noise-free-sound-0383.wav	4.35	5.71
common_voice_he_39753151	noise-free-sound-0761.wav	1.90	0.64
common_voice_he_39753153	noise-free-sound-0841.wav	17.24	5.56
common_voice_he_39753154	noise-free-sound-0560.wav	235.21	0.84
common_voice_he_39753165	noise-free-sound-0593.wav	52.69	0.70
common_voice_he_39753166	noise-free-sound-0436.wav	22.18	4.97
common_voice_he_39753167	noise-free-sound-0165.wav	5.83	2.05
common_voice_he_39753168	noise-free-sound-0819.wav	25.94	3.18
common_voice_he_39753169	noise-free-sound-0474.wav	26.48	1.67
common_voice_he_39753184	noise-free-sound-0707.wav	16.78	3.70
common_voice_he_39753185	noise-free-sound-0086.wav	19.09	3.97
common_voice_he_39753186	noise-free-sound-0552.wav	12.92	1.22
common_voice_he_39753187	noise-free-sound-0430.wav	51.32	2.66
common_voice_he_39753188	noise-free-sound-0370.wav	4.11	4.80
common_voice_he_39753206	noise-free-sound-0743.wav	25.53	1.03
common_voice_he_39753207	noise-free-sound-0641.wav	20.31	3.41
common_voice_he_39753209	noise-free-sound-0439.wav	3.71	1.56
common_voice_he_39753210	noise-sound-bible-0083.wav	37.95	1.44
common_voice_he_39753224	noise-free-sound-0784.wav	13.70	2.35
common_voice_he_39753225	noise-free-sound-0304.wav	21.45	5.43
common_voice_he_39753226	noise-sound-bible-0076.wav	39.55	3.77
common_voice_he_39753227	noise-free-sound-0699.wav	33.69	0.68
common_voice_he_39753228	noise-free-sound-0641.wav	19.95	5.46
common_voice_he_39753242	noise-sound-bible-0083.wav	32.93	4.62
common_voice_he_39753243	noise-free-sound-0674.wav	1.17	3.10
common_voice_he_39753244	noise-free-sound-0110.wav	30.94	3.70
common_voice_he_39753245	noise-free-sound-0152.wav	74.71	2.92
common_voice_he_39753246	noise-free-sound-0710.wav	5.05	0.00
common_voice_he_39753268	noise-free-sound-0172.wav	34.89	2.21
common_voice_he_39753269	noise-free-sound-0064.wav	22.27	0.80
common_voice_he_39753270	noise-free-sound-0030.wav	16.94	3.23
common_voice_he_39753271	noise-free-sound-0256.wav	9.40	2.54
common_voice_he_39753272	noise-free-sound-0227.wav	6.41	1.36
common_voice_he_39753279	noise-free-sound-0002.wav	32.41	4.65
common_voice_he_39753280	noise-free-sound-0109.wav	13.63	2.92
common_voice_he_39753281	noise-free-sound-0141.wav	89.39	3.02
common_voice_he_39753282	noise-free-sound-0384.wav	22.45	4.81
common_voice_he_39753283	noise-free-sound-0080.wav	15.24	3.77
common_voice_he_39753438	noise-free-sound-0636.wav	5.30	5.71
common_voice_he_39753439	noise-free-sound-0235.wav	31.63	5.96
common_voice_he_39753440	noise-free-sound-0502.wav	21.00	3.95
common_voice_he_39753441	noise-free-sound-0560.wav	151.71	2.08
common_voice_he_39753442	noise-free-sound-0032.wav	23.44	5.58
common_voice_he_39753458	noise-free-sound-0436.wav	40.45	2.95
common_voice_he_39753459	noise-free-sound-0475.wav	8.19	1.89
common_voice_he_39753460	noise-free-sound-0142.wav	13.78	2.68
common_voice_he_39753461	noise-free-sound-0681.wav	16.85	5.52
common_voice_he_39753462	noise-free-sound-0418.wav	20.29	4.66
common_voice_he_39753468	noise-free-sound-0002.wav	59.91	3.43
common_voice_he_39753469	noise-free-sound-0184.wav	3.59	5.41
common_voice_he_39753470	noise-free-sound-0244.wav	104.70	2.82
common_voice_he_39753471	noise-free-sound-0121.wav	9.05	4.89
common_voice_he_39753472	noise-free-sound-0457.wav	1.40	0.95
common_voice_he_39753478	noise-free-sound-0500.wav	23.47	1.16
common_voice_he_39753479	noise-free-sound-0383.wav	2.10	0.26
common_voice_he_39753480	noise-free-sound-0436.wav	20.94	2.20
common_voice_he_39753481	noise-free-sound-0649.wav	9.73	2.85
common_voice_he_39753482	noise-free-sound-0651.wav	27.93	0.68
common_voice_he_39753488	noise-free-sound-0494.wav	31.63	0.46
common_voice_he_39753489	noise-free-sound-0381.wav	3.78	2.05
common_voice_he_39753490	noise-free-sound-0011.wav	6.59	1.66
common_voice_he_39753491	noise-free-sound-0606.wav	31.41	5.77
common_voice_he_39753492	noise-free-sound-0324.wav	26.24	1.58
common_voice_he_39753498	noise-free-sound-0489.wav	3.13	4.03
common_voice_he_39753499	noise-free-sound-0384.wav	120.76	0.07
common_voice_he_39753500	noise-free-sound-0106.wav	121.47	1.12
common_voice_he_39753501	noise-free-sound-0728.wav	84.91	6.00
common_voice_he_39753518	noise-free-sound-0733.wav	7.67	4.32
common_voice_he_39753519	noise-free-sound-0066.wav	12.57	4.75
common_voice_he_39753520	noise-free-sound-0494.wav	43.01	3.66
common_voice_he_39753521	noise-free-sound-0266.wav	20.57	3.36
common_voice_he_39753541	noise-free-sound-0370.wav	49.12	1.09
common_voice_he_39753542	noise-free-sound-0681.wav	58.60	0.22
common_voice_he_39753543	noise-free-sound-0158.wav	29.63	3.37
common_voice_he_39753544	noise-free-sound-0301.wav	10.60	3.47
common_voice_he_39753545	noise-free-sound-0012.wav	9.13	1.69
common_voice_he_39753570	noise-free-sound-0685.wav	6.88	2.67
common_voice_he_39753571	noise-free-sound-0141.wav	46.70	2.03
common_voice_he_39753572	noise-free-sound-0647.wav	14.16	5.64
common_voice_he_39753573	noise-free-sound-0067.wav	11.39	5.45
common_voice_he_39753574	noise-free-sound-0651.wav	12.57	4.66
common_voice_he_39753586	noise-free-sound-0818.wav	29.36	2.02
common_voice_he_39753587	noise-free-sound-0457.wav	26.14	0.36
common_voice_he_39753588	noise-free-sound-0262.wav	28.43	5.45
common_voice_he_39753589	noise-free-sound-0824.wav	24.05	1.26
common_voice_he_39753590	noise-free-sound-0141.wav	37.65	1.47
common_voice_he_39753600	noise-free-sound-0114.wav	27.22	5.80
common_voice_he_39753601	noise-free-sound-0382.wav	27.50	0.21
common_voice_he_39753602	noise-free-sound-0644.wav	69.87	0.28
common_voice_he_39753603	noise-free-sound-0842.wav	286.33	5.59
common_voice_he_39753613	noise-free-sound-0110.wav	1.85	5.97
common_voice_he_39753615	noise-sound-bible-0044.wav	21.73	0.59
common_voice_he_39753616	noise-sound-bible-0060.wav	4.87	3.09
common_voice_he_39753618	noise-free-sound-0239.wav	5.89	3.07
common_voice_he_39753620	noise-free-sound-0732.wav	11.33	4.05
common_voice_he_39753626	noise-free-sound-0752.wav	18.47	5.05
common_voice_he_39753629	noise-free-sound-0262.wav	13.74	4.51
common_voice_he_39753630	noise-free-sound-0580.wav	126.25	3.53
common_voice_he_39753631	noise-free-sound-0433.wav	12.68	2.28
common_voice_he_39753639	noise-free-sound-0384.wav	64.69	3.30
common_voice_he_39753640	noise-free-sound-0684.wav	46.41	5.24
common_voice_he_39753641	noise-free-sound-0457.wav	21.57	1.25
common_voice_he_39753642	noise-free-sound-0780.wav	12.78	5.72
common_voice_he_39753643	noise-free-sound-0032.wav	0.35	1.09
common_voice_he_39753649	noise-free-sound-0370.wav	11.69	4.45
common_voice_he_39753650	noise-free-sound-0761.wav	1.70	4.27
common_voice_he_39753651	noise-free-sound-0142.wav	31.85	3.54
common_voice_he_39753652	noise-free-sound-0101.wav	36.03	5.24
common_voice_he_39753653	noise-free-sound-0266.wav	28.18	2.11
common_voice_he_39753654	noise-free-sound-0644.wav	20.05	2.13
common_voice_he_39753655	noise-free-sound-0594.wav	119.66	4.78
common_voice_he_39753656	noise-free-sound-0048.wav	415.10	2.82
common_voice_he_39753657	noise-free-sound-0795.wav	20.75	4.40
common_voice_he_39753658	noise-sound-bible-0048.wav	22.23	0.63
common_voice_he_39771109	noise-free-sound-0497.wav	180.61	4.57
common_voice_he_39771111	noise-free-sound-0725.wav	23.17	1.97
common_voice_he_39771113	noise-free-sound-0030.wav	5.52	5.89
common_voice_he_39771115	noise-free-sound-0819.wav	78.28	3.85
common_voice_he_39771116	noise-free-sound-0472.wav	24.39	5.05
common_voice_he_39771126	noise-free-sound-0247.wav	43.08	1.40
common_voice_he_39771127	noise-free-sound-0244.wav	47.78	2.95
common_voice_he_39771128	noise-free-sound-0262.wav	4.12	3.62
common_voice_he_39771129	noise-free-sound-0015.wav	66.30	3.31
common_voice_he_39771130	noise-free-sound-0340.wav	20.10	0.14
common_voice_he_39771141	noise-free-sound-0732.wav	25.62	3.87
common_voice_he_39771142	noise-free-sound-0600.wav	21.17	1.65
common_voice_he_39771143	noise-free-sound-0322.wav	11.74	2.22
common_voice_he_39771144	noise-free-sound-0729.wav	58.01	1.47
common_voice_he_39771145	noise-free-sound-0568.wav	89.17	3.90
common_voice_he_39771175	noise-free-sound-0560.wav	134.29	3.96
common_voice_he_39771176	noise-free-sound-0153.wav	28.12	5.27
common_voice_he_39771177	noise-free-sound-0234.wav	47.84	1.13
common_voice_he_39771179	noise-free-sound-0442.wav	29.40	4.52
common_voice_he_39771197	noise-free-sound-0726.wav	97.65	3.28
common_voice_he_39771198	noise-free-sound-0698.wav	36.66	2.48
common_voice_he_39771199	noise-free-sound-0248.wav	43.82	4.96
common_voice_he_39771200	noise-free-sound-0634.wav	50.79	1.43
common_voice_he_39771206	noise-free-sound-0234.wav	47.06	2.12
common_voice_he_39771208	noise-free-sound-0531.wav	13.20	0.02
common_voice_he_39771209	noise-free-sound-0685.wav	20.25	2.58
common_voice_he_39771210	noise-free-sound-0592.wav	26.29	5.83
common_voice_he_39771230	noise-free-sound-0644.wav	80.02	5.25
common_voice_he_39771231	noise-sound-bible-0049.wav	9.09	1.04
common_voice_he_39771232	noise-free-sound-0041.wav	30.32	5.49
common_voice_he_39771233	noise-free-sound-0552.wav	60.17	1.51
common_voice_he_39771234	noise-free-sound-0173.wav	100.21	4.39
common_voice_he_39771249	noise-free-sound-0287.wav	35.30	2.44
common_voice_he_39771250	noise-sound-bible-0054.wav	7.85	5.48
common_voice_he_39771251	noise-free-sound-0216.wav	6.36	3.75
common_voice_he_39771252	noise-free-sound-0640.wav	20.87	0.04
common_voice_he_39771253	noise-free-sound-0441.wav	18.54	5.22
common_voice_he_39771261	noise-free-sound-0121.wav	38.61	4.61
common_voice_he_39771262	noise-free-sound-0475.wav	7.86	3.50
common_voice_he_39771263	noise-free-sound-0270.wav	385.61	1.14
common_voice_he_39771264	noise-free-sound-0348.wav	17.46	1.52
common_voice_he_39771265	noise-free-sound-0788.wav	24.97	2.76
common_voice_he_39771290	noise-free-sound-0370.wav	32.95	1.08
common_voice_he_39771291	noise-free-sound-0158.wav	10.53	3.32
common_voice_he_39771292	noise-free-sound-0244.wav	62.59	0.14
common_voice_he_39771293	noise-free-sound-0173.wav	74.29	0.21
common_voice_he_39771294	noise-free-sound-0454.wav	9.47	4.72
common_voice_he_39771305	noise-free-sound-0254.wav	49.84	0.07
common_voice_he_39771306	noise-sound-bible-0049.wav	8.30	0.08
common_voice_he_39771307	noise-free-sound-0684.wav	10.02	3.45
common_voice_he_39771308	noise-free-sound-0117.wav	19.13	4.71
common_voice_he_39771309	noise-free-sound-0446.wav	20.57	1.22
common_voice_he_39771315	noise-free-sound-0042.wav	257.19	2.73
common_voice_he_39771316	noise-free-sound-0634.wav	26.99	0.59
common_voice_he_39771317	noise-free-sound-0335.wav	25.44	0.54
common_voice_he_39771318	noise-free-sound-0836.wav	7.33	1.79
common_voice_he_39771319	noise-free-sound-0110.wav	34.22	5.10
common_voice_he_39778670	noise-free-sound-0698.wav	14.11	5.18
common_voice_he_39778671	noise-free-sound-0726.wav	19.01	2.20
common_voice_he_39778673	noise-free-sound-0636.wav	1.22	4.15
common_voice_he_39778674	noise-free-sound-0184.wav	13.96	1.38
common_voice_he_39778675	noise-free-sound-0552.wav	49.19	1.41
common_voice_he_39778676	noise-free-sound-0370.wav	47.85	2.67
common_voice_he_39778677	noise-free-sound-0708.wav	36.68	5.24
common_voice_he_39778678	noise-free-sound-0729.wav	33.35	2.29
common_voice_he_39778679	noise-free-sound-0500.wav	26.87	5.51
common_voice_he_39778685	noise-free-sound-0308.wav	18.71	5.79
common_voice_he_39778687	noise-free-sound-0301.wav	73.86	5.75
common_voice_he_39778688	noise-free-sound-0634.wav	15.85	1.04
common_voice_he_39778690	noise-free-sound-0723.wav	33.74	4.93
common_voice_he_39778691	noise-free-sound-0249.wav	9.70	5.67
common_voice_he_39778692	noise-free-sound-0430.wav	49.64	1.76
common_voice_he_39778693	noise-free-sound-0480.wav	6.49	4.29
common_voice_he_39778694	noise-free-sound-0324.wav	5.70	4.49
common_voice_he_39778700	noise-free-sound-0699.wav	27.27	1.01
common_voice_he_39778701	noise-free-sound-0457.wav	24.00	0.43
common_voice_he_39778702	noise-free-sound-0151.wav	20.05	3.83
common_voice_he_39778703	noise-free-sound-0804.wav	4.06	1.13
common_voice_he_39778704	noise-free-sound-0239.wav	22.33	1.68
common_voice_he_39778705	noise-free-sound-0335.wav	9.51	3.63
common_voice_he_39778706	noise-free-sound-0293.wav	9.19	1.79
common_voice_he_39778707	noise-free-sound-0254.wav	24.16	1.58
common_voice_he_39778708	noise-free-sound-0030.wav	50.64	0.86
common_voice_he_39778709	noise-free-sound-0030.wav	44.13	5.10
common_voice_he_39785388	noise-free-sound-0681.wav	23.78	3.23
common_voice_he_39785389	noise-free-sound-0446.wav	25.55	4.12
common_voice_he_39785397	noise-free-sound-0020.wav	41.23	3.81
common_voice_he_39785398	noise-free-sound-0244.wav	30.67	5.63
common_voice_he_39785399	noise-free-sound-0780.wav	21.02	1.81
common_voice_he_39785400	noise-free-sound-0433.wav	2.58	0.91
common_voice_he_39785409	noise-free-sound-0784.wav	22.75	0.72
common_voice_he_39785410	noise-free-sound-0383.wav	12.79	5.95
common_voice_he_39785411	noise-free-sound-0500.wav	0.69	2.74
common_voice_he_39785412	noise-free-sound-0522.wav	8.72	1.55
common_voice_he_39785413	noise-free-sound-0080.wav	5.59	0.09
common_voice_he_39785416	noise-free-sound-0270.wav	317.95	0.41
common_voice_he_39785417	noise-free-sound-0232.wav	18.09	0.35
common_voice_he_39785418	noise-free-sound-0106.wav	26.90	2.29
common_voice_he_39785419	noise-free-sound-0594.wav	78.01	1.59
common_voice_he_39785420	noise-free-sound-0141.wav	38.08	2.89
common_voice_he_39785423	noise-free-sound-0042.wav	264.15	5.28
common_voice_he_39785424	noise-free-sound-0287.wav	16.36	2.50
common_voice_he_39785425	noise-free-sound-0531.wav	2.33	2.15
common_voice_he_39785442	noise-free-sound-0131.wav	37.83	5.14
common_voice_he_39785444	noise-free-sound-0287.wav	47.36	3.27
common_voice_he_39785446	noise-free-sound-0644.wav	22.53	3.53
common_voice_he_39785447	noise-free-sound-0649.wav	45.94	5.99
common_voice_he_39785449	noise-free-sound-0011.wav	28.94	1.58
common_voice_he_39785511	noise-free-sound-0661.wav	26.64	2.60
common_voice_he_39785512	noise-free-sound-0119.wav	34.21	3.37
common_voice_he_39785513	noise-free-sound-0165.wav	26.49	2.49
common_voice_he_39785514	noise-free-sound-0461.wav	10.43	5.14
common_voice_he_39785515	noise-sound-bible-0045.wav	50.99	4.18
common_voice_he_39831293	noise-free-sound-0172.wav	43.93	2.95
common_voice_he_39831294	noise-free-sound-0502.wav	15.74	0.42
common_voice_he_39831297	noise-free-sound-0247.wav	18.20	4.90
common_voice_he_39831299	noise-free-sound-0172.wav	4.83	3.54
common_voice_he_39831308	noise-free-sound-0804.wav	35.60	5.13
common_voice_he_39831309	noise-free-sound-0266.wav	10.58	5.95
common_voice_he_39831310	noise-free-sound-0443.wav	25.93	0.19
common_voice_he_39831311	noise-free-sound-0439.wav	6.28	5.92
common_voice_he_39831312	noise-free-sound-0184.wav	15.26	0.81
common_voice_he_39831318	noise-free-sound-0106.wav	135.68	5.99
common_voice_he_39831319	noise-free-sound-0754.wav	49.46	4.25
common_voice_he_39831320	noise-free-sound-0567.wav	19.83	0.05
common_voice_he_39831321	noise-free-sound-0153.wav	5.50	2.88
common_voice_he_39831322	noise-free-sound-0282.wav	2.38	3.61
common_voice_he_39831338	noise-free-sound-0011.wav	27.48	0.98
common_voice_he_39831339	noise-free-sound-0041.wav	23.43	3.40
common_voice_he_39831340	noise-free-sound-0254.wav	5.38	5.45
common_voice_he_39831341	noise-free-sound-0161.wav	27.05	2.94
common_voice_he_39831342	noise-free-sound-0370.wav	14.73	4.11
common_voice_he_39831343	noise-free-sound-0480.wav	12.98	1.53
common_voice_he_39831344	noise-free-sound-0581.wav	35.33	0.98
common_voice_he_39831345	noise-free-sound-0700.wav	11.82	3.22
common_voice_he_39831351	noise-free-sound-0715.wav	45.92	4.44
common_voice_he_39831352	noise-free-sound-0660.wav	35.15	2.46
common_voice_he_39831353	noise-free-sound-0227.wav	8.07	2.17
common_voice_he_39831354	noise-sound-bible-0083.wav	47.96	5.62
common_voice_he_39831355	noise-free-sound-0581.wav	36.50	1.40
common_voice_he_39831361	noise-free-sound-0105.wav	58.49	3.76
common_voice_he_39831362	noise-free-sound-0459.wav	15.48	4.88
common_voice_he_39831363	noise-free-sound-0241.wav	47.58	2.78
common_voice_he_39831364	noise-free-sound-0592.wav	23.47	2.67
common_voice_he_39831365	noise-free-sound-0064.wav	24.86	1.96
common_voice_he_39831376	noise-free-sound-0640.wav	26.42	4.96
common_voice_he_39831377	noise-free-sound-0651.wav	27.75	2.34
common_voice_he_39831378	noise-free-sound-0614.wav	24.23	1.35
common_voice_he_39831379	noise-free-sound-0336.wav	11.29	1.48
common_voice_he_39844331	noise-free-sound-0646.wav	2.80	0.64
common_voice_he_39844332	noise-free-sound-0173.wav	51.06	5.10
common_voice_he_39844333	noise-free-sound-0324.wav	9.38	2.81
common_voice_he_39884492	noise-free-sound-0088.wav	25.47	4.39
common_voice_he_39897721	noise-free-sound-0032.wav	30.10	0.31
common_voice_he_39897722	noise-free-sound-0592.wav	13.06	5.05
common_voice_he_39897723	noise-free-sound-0244.wav	100.16	5.98
common_voice_he_39897724	noise-free-sound-0560.wav	102.20	4.50
common_voice_he_39918055	noise-free-sound-0728.wav	4.22	2.32
common_voice_he_39918056	noise-free-sound-0177.wav	21.14	4.64
common_voice_he_39918057	noise-free-sound-0729.wav	67.26	1.17
common_voice_he_39918058	noise-free-sound-0497.wav	232.37	5.83
common_voice_he_39918059	noise-free-sound-0818.wav	16.62	4.86
common_voice_he_39918065	noise-free-sound-0761.wav	25.53	1.87
common_voice_he_39918066	noise-free-sound-0334.wav	55.05	3.44
common_voice_he_39918067	noise-free-sound-0598.wav	31.14	5.86
common_voice_he_39918068	noise-free-sound-0241.wav	23.13	3.46
common_voice_he_39918069	noise-free-sound-0154.wav	12.82	4.41
common_voice_he_39937156	noise-free-sound-0780.wav	6.19	1.64
common_voice_he_39937157	noise-free-sound-0336.wav	30.43	5.23
common_voice_he_39937158	noise-free-sound-0454.wav	7.23	4.67
common_voice_he_39937159	noise-free-sound-0580.wav	32.05	3.09
common_voice_he_39937160	noise-free-sound-0334.wav	160.85	3.54
common_voice_he_39937161	noise-free-sound-0726.wav	79.20	4.65
common_voice_he_39937162	noise-free-sound-0441.wav	2.31	3.76
common_voice_he_39937163	noise-free-sound-0334.wav	116.97	0.20
common_voice_he_39937164	noise-free-sound-0646.wav	23.24	0.28
common_voice_he_39937165	noise-free-sound-0818.wav	51.12	0.27
common_voice_he_39937166	noise-free-sound-0733.wav	15.59	1.02
common_voice_he_39937167	noise-free-sound-0567.wav	48.38	4.31
common_voice_he_39937168	noise-free-sound-0677.wav	64.85	4.68
common_voice_he_39937169	noise-free-sound-0439.wav	8.04	0.55
common_voice_he_39937170	noise-free-sound-0064.wav	48.21	4.48
common_voice_he_39937171	noise-free-sound-0086.wav	15.72	3.75
common_voice_he_39937172	noise-free-sound-0660.wav	18.17	4.05
common_voice_he_39937173	noise-free-sound-0216.wav	12.39	0.82
common_voice_he_39937174	noise-free-sound-0752.wav	15.81	4.05
common_voice_he_39937175	noise-free-sound-0580.wav	96.56	5.44
common_voice_he_39937181	noise-free-sound-0288.wav	34.52	4.11
common_voice_he_39937182	noise-free-sound-0455.wav	78.37	0.06
common_voice_he_39937203	noise-free-sound-0439.wav	26.31	4.60
common_voice_he_39937204	noise-free-sound-0681.wav	65.92	0.15
common_voice_he_39937205	noise-free-sound-0522.wav	24.00	1.08
common_voice_he_39937206	noise-free-sound-0497.wav	92.42	3.40
common_voice_he_39937207	noise-free-sound-0784.wav	21.54	1.37
common_voice_he_39937264	noise-free-sound-0551.wav	2.34	4.71
common_voice_he_39937265	noise-free-sound-0251.wav	15.22	0.90
common_voice_he_39937266	noise-free-sound-0531.wav	11.42	1.79
common_voice_he_39937267	noise-free-sound-0685.wav	16.14	4.53
common_voice_he_39937268	noise-free-sound-0234.wav	20.74	0.76
common_voice_he_39937269	noise-free-sound-0293.wav	21.30	3.21
common_voice_he_39937270	noise-free-sound-0384.wav	12.32	1.60
common_voice_he_39937271	noise-free-sound-0489.wav	0.26	4.75
common_voice_he_39937272	noise-free-sound-0165.wav	19.33	2.68
common_voice_he_39937278	noise-free-sound-0502.wav	7.64	4.75
common_voice_he_39937279	noise-free-sound-0109.wav	21.95	0.87
common_voice_he_39937280	noise-free-sound-0551.wav	22.90	5.35
common_voice_he_39937281	noise-free-sound-0818.wav	5.72	4.87
common_voice_he_39937282	noise-free-sound-0840.wav	3.12	5.64
common_voice_he_40001946	noise-free-sound-0474.wav	16.53	5.19
common_voice_he_40001947	noise-free-sound-0184.wav	2.76	3.18
common_voice_he_40001948	noise-free-sound-0457.wav	39.08	0.82
common_voice_he_40001949	noise-free-sound-0841.wav	82.78	5.25
common_voice_he_40001950	noise-free-sound-0671.wav	7.37	3.23
common_voice_he_40001956	noise-free-sound-0531.wav	30.07	4.61
common_voice_he_40001957	noise-free-sound-0158.wav	54.02	2.00
common_voice_he_40001958	noise-sound-bible-0075.wav	8.46	2.47
common_voice_he_40001959	noise-free-sound-0461.wav	40.14	5.36
common_voice_he_40001960	noise-free-sound-0784.wav	13.12	1.54
common_voice_he_40001961	noise-free-sound-0698.wav	17.41	2.24
common_voice_he_40001962	noise-free-sound-0382.wav	7.98	1.15
common_voice_he_40001963	noise-free-sound-0795.wav	9.06	5.72
common_voice_he_40001964	noise-free-sound-0787.wav	13.51	1.97
common_voice_he_40001965	noise-sound-bible-0048.wav	53.23	0.73
common_voice_he_40001966	noise-free-sound-0752.wav	7.04	0.43
common_voice_he_40001967	noise-free-sound-0644.wav	72.55	1.40
common_voice_he_40001968	noise-free-sound-0280.wav	33.78	0.15
common_voice_he_40001970	noise-free-sound-0787.wav	12.30	5.75
common_voice_he_40001972	noise-free-sound-0280.wav	16.78	1.16
common_voice_he_40067774	noise-free-sound-0606.wav	58.45	1.22
common_voice_he_40067775	noise-free-sound-0439.wav	24.41	0.99
common_voice_he_40067777	noise-free-sound-0101.wav	80.56	4.69
common_voice_he_40067778	noise-free-sound-0700.wav	27.42	5.81
common_voice_he_40137979	noise-free-sound-0102.wav	60.56	4.74
common_voice_he_40137980	noise-sound-bible-0054.wav	7.26	0.95
common_voice_he_40137981	noise-free-sound-0646.wav	18.39	4.74
common_voice_he_40137982	noise-free-sound-0519.wav	15.46	3.65
common_voice_he_40137983	noise-free-sound-0623.wav	2.01	4.19
common_voice_he_40612852	noise-free-sound-0502.wav	12.48	1.23
common_voice_he_40612855	noise-free-sound-0728.wav	72.40	5.49
common_voice_he_40612862	noise-free-sound-0418.wav	12.40	5.39
common_voice_he_40612863	noise-free-sound-0383.wav	11.94	1.16
common_voice_he_40612866	noise-free-sound-0442.wav	47.54	0.87
common_voice_he_40612867	noise-free-sound-0455.wav	149.27	2.52
common_voice_he_40630793	noise-free-sound-0795.wav	9.56	4.50
common_voice_he_40630794	noise-free-sound-0723.wav	53.47	2.32
common_voice_he_40630795	noise-free-sound-0634.wav	55.79	0.48
common_voice_he_40858574	noise-free-sound-0066.wav	31.37	2.12
common_voice_he_40858577	noise-free-sound-0321.wav	26.61	4.81
common_voice_he_40858579	noise-free-sound-0733.wav	21.14	4.23
common_voice_he_40909673	noise-free-sound-0278.wav	19.38	5.20
common_voice_he_40909674	noise-free-sound-0184.wav	8.31	5.45
common_voice_he_40909676	noise-free-sound-0634.wav	16.71	1.55
common_voice_he_40909677	noise-free-sound-0647.wav	4.39	5.97
common_voice_he_40909678	noise-free-sound-0644.wav	3.64	0.55
common_voice_he_40909679	noise-free-sound-0232.wav	30.60	2.03
common_voice_he_40909680	noise-free-sound-0671.wav	6.26	5.42
common_voice_he_40909681	noise-free-sound-0232.wav	36.66	4.63
common_voice_he_40909682	noise-free-sound-0012.wav	24.83	1.91
common_voice_he_40909688	noise-free-sound-0321.wav	4.86	1.37
common_voice_he_40909689	noise-free-sound-0137.wav	45.65	4.92
common_voice_he_40909690	noise-free-sound-0568.wav	32.00	5.59
common_voice_he_40909691	noise-free-sound-0249.wav	8.23	0.95
common_voice_he_40909692	noise-free-sound-0001.wav	27.95	2.46
common_voice_he_40909693	noise-free-sound-0443.wav	7.37	4.54
common_voice_he_40909694	noise-free-sound-0336.wav	15.20	0.30
common_voice_he_40909695	noise-free-sound-0301.wav	175.51	2.21
common_voice_he_40909696	noise-free-sound-0370.wav	66.56	0.00
common_voice_he_40909697	noise-free-sound-0726.wav	8.05	0.29
common_voice_he_40909699	noise-free-sound-0733.wav	17.68	5.59
common_voice_he_40909700	noise-free-sound-0836.wav	28.88	4.95
common_voice_he_40909701	noise-free-sound-0480.wav	30.46	2.66
common_voice_he_40909702	noise-free-sound-0614.wav	13.48	1.25
common_voice_he_40972184	noise-free-sound-0677.wav	64.49	1.86
common_voice_he_40972185	noise-free-sound-0842.wav	38.72	2.21
common_voice_he_40972186	noise-free-sound-0055.wav	17.25	2.74
common_voice_he_40972188	noise-free-sound-0674.wav	2.19	2.66
common_voice_he_40972199	noise-free-sound-0059.wav	20.78	2.17
common_voice_he_40972200	noise-free-sound-0165.wav	25.70	4.35
common_voice_he_40972201	noise-free-sound-0572.wav	64.34	4.38
common_voice_he_40972202	noise-free-sound-0784.wav	2.15	2.14
common_voice_he_40972203	noise-free-sound-0035.wav	6.50	1.57
common_voice_he_40977316	noise-free-sound-0804.wav	41.89	1.56
common_voice_he_40977318	noise-free-sound-0754.wav	45.32	5.06
common_voice_he_40978528	noise-free-sound-0761.wav	22.29	5.72
common_voice_he_40978535	noise-free-sound-0266.wav	17.51	0.17
common_voice_he_40978542	noise-free-sound-0651.wav	40.60	3.89
common_voice_he_40978546	noise-free-sound-0430.wav	36.75	2.59
common_voice_he_40978553	noise-sound-bible-0049.wav	41.88	4.29
common_voice_he_40978560	noise-free-sound-0459.wav	11.43	5.51
common_voice_he_40978567	noise-free-sound-0184.wav	6.32	1.50
common_voice_he_40978573	noise-free-sound-0605.wav	3.21	2.14
common_voice_he_40978575	noise-free-sound-0743.wav	27.44	1.22
common_voice_he_40978592	noise-free-sound-0288.wav	36.97	1.62
common_voice_he_40978609	noise-free-sound-0804.wav	0.97	1.53
common_voice_he_41019361	noise-free-sound-0636.wav	15.46	0.95
common_voice_he_41019364	noise-free-sound-0153.wav	25.19	5.18
common_voice_he_41019415	noise-free-sound-0322.wav	12.68	0.13
common_voice_he_41019416	noise-free-sound-0142.wav	9.24	1.13
common_voice_he_41019419	noise-free-sound-0035.wav	11.62	2.61
common_voice_he_41019455	noise-free-sound-0172.wav	43.72	5.08
common_voice_he_41019456	noise-free-sound-0086.wav	24.02	2.66
common_voice_he_41019457	noise-free-sound-0828.wav	48.97	1.04
common_voice_he_41066670	noise-sound-bible-0045.wav	41.26	4.72
common_voice_he_41066672	noise-free-sound-0241.wav	42.43	5.40
common_voice_he_41066673	noise-free-sound-0551.wav	5.92	2.15
common_voice_he_41486333	noise-free-sound-0708.wav	3.22	0.03
common_voice_he_41486334	noise-free-sound-0048.wav	211.96	5.32
common_voice_he_41486336	noise-free-sound-0248.wav	4.99	3.29
common_voice_he_41486337	noise-free-sound-0340.wav	2.14	5.85
common_voice_he_41486343	noise-free-sound-0035.wav	8.97	0.58
common_voice_he_41486344	noise-free-sound-0155.wav	6.50	4.94
common_voice_he_41486345	noise-free-sound-0020.wav	11.75	4.72
common_voice_he_41486346	noise-free-sound-0278.wav	16.20	3.54
common_voice_he_41486347	noise-free-sound-0443.wav	1.40	4.07
common_voice_he_41486353	noise-free-sound-0066.wav	12.24	0.49
common_voice_he_41486354	noise-free-sound-0030.wav	31.30	2.68
common_voice_he_41486355	noise-free-sound-0546.wav	19.27	1.28
common_voice_he_41486356	noise-free-sound-0475.wav	9.89	0.93
common_voice_he_41486357	noise-free-sound-0381.wav	16.82	5.75
common_voice_he_41486358	noise-free-sound-0752.wav	19.96	5.19
common_voice_he_41486359	noise-free-sound-0533.wav	29.49	1.93
common_voice_he_41486360	noise-free-sound-0106.wav	10.94	3.66
common_voice_he_41486361	noise-free-sound-0059.wav	24.01	5.63
common_voice_he_41486362	noise-free-sound-0076.wav	30.72	1.60
common_voice_he_41486368	noise-free-sound-0446.wav	16.77	1.20
common_voice_he_41486369	noise-free-sound-0308.wav	39.07	2.11
common_voice_he_41486370	noise-free-sound-0269.wav	17.57	3.83
common_voice_he_41486371	noise-free-sound-0173.wav	69.71	4.17
common_voice_he_41486372	noise-free-sound-0715.wav	15.33	2.71
common_voice_he_41486373	noise-free-sound-0709.wav	7.89	3.79
common_voice_he_41486374	noise-free-sound-0064.wav	4.60	3.23
common_voice_he_41486375	noise-free-sound-0322.wav	17.28	2.75
common_voice_he_41486376	noise-free-sound-0298.wav	0.92	4.53
common_voice_he_41486377	noise-free-sound-0489.wav	27.19	1.95
common_voice_he_41486383	noise-free-sound-0787.wav	16.58	4.71
common_voice_he_41486384	noise-free-sound-0674.wav	14.36	4.17
common_voice_he_41486385	noise-free-sound-0011.wav	8.17	4.99
common_voice_he_41486386	noise-free-sound-0293.wav	32.32	1.52
common_voice_he_41486387	noise-free-sound-0828.wav	6.05	0.48
common_voice_he_41605155	noise-free-sound-0475.wav	5.33	5.72
common_voice_he_41605156	noise-free-sound-0651.wav	5.16	2.08
common_voice_he_41605157	noise-free-sound-0020.wav	28.55	0.12
common_voice_he_41605158	noise-free-sound-0457.wav	17.48	2.93
common_voice_he_41605159	noise-free-sound-0287.wav	19.84	0.45
common_voice_he_41605160	noise-free-sound-0842.wav	146.66	3.01
common_voice_he_41605161	noise-free-sound-0684.wav	93.09	5.15
common_voice_he_41605162	noise-sound-bible-0048.wav	33.03	3.81
common_voice_he_41605163	noise-free-sound-0232.wav	2.46	3.03
common_voice_he_41605164	noise-free-sound-0813.wav	59.28	5.57
common_voice_he_41605165	noise-free-sound-0232.wav	22.81	4.09
common_voice_he_41605168	noise-free-sound-0636.wav	20.91	3.13
common_voice_he_41605169	noise-free-sound-0581.wav	12.16	4.69
common_voice_he_41605170	noise-free-sound-0568.wav	56.35	1.92
common_voice_he_41605171	noise-free-sound-0230.wav	9.45	2.26
common_voice_he_41605172	noise-free-sound-0324.wav	23.08	3.36
common_voice_he_41605173	noise-free-sound-0086.wav	20.08	0.16
common_voice_he_41605176	noise-free-sound-0001.wav	33.71	4.95
common_voice_he_41605177	noise-free-sound-0235.wav	71.28	5.87
common_voice_he_41605178	noise-free-sound-0304.wav	40.06	1.56
common_voice_he_41605179	noise-free-sound-0336.wav	8.17	5.83
common_voice_he_41605180	noise-free-sound-0828.wav	21.15	4.73
common_voice_he_41605181	noise-free-sound-0443.wav	11.92	3.69
common_voice_he_41605183	noise-free-sound-0086.wav	14.23	4.00
common_voice_he_41605184	noise-free-sound-0572.wav	95.58	5.39
common_voice_he_41605185	noise-free-sound-0418.wav	4.89	1.06
common_voice_he_41605186	noise-free-sound-0674.wav	5.99	3.78
common_voice_he_41605188	noise-free-sound-0640.wav	23.37	3.93
common_voice_he_41605190	noise-free-sound-0011.wav	12.25	2.71
common_voice_he_41605191	noise-free-sound-0593.wav	40.27	5.54
common_voice_he_41605192	noise-free-sound-0647.wav	39.44	5.93
common_voice_he_41605193	noise-free-sound-0497.wav	98.77	2.75
common_voice_he_41605194	noise-free-sound-0454.wav	29.04	2.02
common_voice_he_41605195	noise-free-sound-0551.wav	25.87	0.20
common_voice_he_41605196	noise-free-sound-0383.wav	26.16	2.92
common_voice_he_41605197	noise-sound-bible-0045.wav	51.61	5.67
common_voice_he_41605199	noise-free-sound-0165.wav	27.20	3.00
common_voice_he_41605200	noise-free-sound-0430.wav	24.82	4.64
common_voice_he_41605201	noise-free-sound-0754.wav	71.04	0.69
common_voice_he_41605202	noise-free-sound-0384.wav	131.17	0.26
common_voice_he_41605203	noise-free-sound-0551.wav	5.89	0.97
common_voice_he_41605204	noise-free-sound-0280.wav	53.45	1.16
common_voice_he_41605205	noise-free-sound-0455.wav	106.69	5.31
common_voice_he_41605206	noise-free-sound-0172.wav	22.01	5.73
common_voice_he_41605208	noise-free-sound-0383.wav	18.39	2.58
common_voice_he_41605209	noise-free-sound-0651.wav	5.97	0.50
common_voice_he_41605211	noise-free-sound-0293.wav	1.09	1.70
common_voice_he_41605212	noise-free-sound-0840.wav	44.42	0.80
common_voice_he_41605213	noise-free-sound-0015.wav	22.97	2.10
common_voice_he_41605214	noise-free-sound-0788.wav	28.25	5.88
common_voice_he_41616556	noise-free-sound-0261.wav	74.43	5.02
common_voice_he_41616557	noise-free-sound-0381.wav	9.39	3.97
common_voice_he_41616558	noise-free-sound-0321.wav	71.83	4.73
common_voice_he_41616575	noise-free-sound-0322.wav	18.93	0.67
common_voice_he_41616579	noise-sound-bible-0054.wav	9.74	3.83
common_voice_he_41616580	noise-free-sound-0282.wav	28.46	4.03
common_voice_he_41616584	noise-free-sound-0287.wav	44.95	1.17
common_voice_he_41616601	noise-free-sound-0660.wav	25.60	2.83
common_voice_he_41616602	noise-free-sound-0249.wav	32.40	2.01
common_voice_he_41616604	noise-free-sound-0290.wav	3.22	4.67
common_voice_he_41616612	noise-free-sound-0155.wav	12.09	1.54
common_voice_he_41616613	noise-free-sound-0161.wav	30.09	3.84
common_voice_he_41616614	noise-free-sound-0235.wav	183.30	1.35
common_voice_he_41616616	noise-free-sound-0002.wav	64.34	2.46
common_voice_he_41616617	noise-free-sound-0130.wav	5.46	4.91
common_voice_he_41616619	noise-free-sound-0254.wav	3.87	2.47
common_voice_he_41616625	noise-free-sound-0533.wav	14.17	3.84
common_voice_he_41616629	noise-free-sound-0243.wav	24.57	0.94
common_voice_he_41616635	noise-free-sound-0287.wav	34.45	3.30
common_voice_he_41616636	noise-free-sound-0230.wav	20.01	3.59
common_voice_he_41616637	noise-free-sound-0725.wav	12.14	0.56
common_voice_he_41616638	noise-free-sound-0042.wav	180.64	4.24
common_voice_he_41616640	noise-free-sound-0522.wav	56.68	2.42
common_voice_he_41616642	noise-free-sound-0282.wav	29.46	4.68
common_voice_he_41616643	noise-free-sound-0102.wav	49.95	0.55
common_voice_he_41616644	noise-free-sound-0795.wav	25.62	2.81
common_voice_he_41616655	noise-free-sound-0545.wav	0.60	5.18
common_voice_he_41616656	noise-free-sound-0184.wav	11.32	4.30
common_voice_he_41616667	noise-free-sound-0726.wav	18.97	4.36
common_voice_he_41616687	noise-free-sound-0436.wav	37.57	2.06
common_voice_he_41616688	noise-free-sound-0278.wav	17.09	3.95
common_voice_he_41616697	noise-free-sound-0614.wav	6.72	5.50
common_voice_he_41616704	noise-free-sound-0153.wav	34.63	4.77
common_voice_he_41616707	noise-free-sound-0384.wav	62.70	0.17
common_voice_he_41616718	noise-free-sound-0640.wav	14.14	4.77
common_voice_he_41616728	noise-free-sound-0436.wav	41.41	1.65
common_voice_he_41616729	noise-sound-bible-0060.wav	3.83	4.65
common_voice_he_41616730	noise-free-sound-0012.wav	18.57	2.16
common_voice_he_41616731	noise-free-sound-0841.wav	69.38	0.51
common_voice_he_41616740	noise-free-sound-0699.wav	33.01	2.37
common_voice_he_41616743	noise-free-sound-0055.wav	30.56	1.12
common_voice_he_41616745	noise-free-sound-0723.wav	26.88	5.64
common_voice_he_41616748	noise-free-sound-0288.wav	38.68	5.18
common_voice_he_41616756	noise-free-sound-0740.wav	49.47	2.22
common_voice_he_41616757	noise-free-sound-0244.wav	106.52	3.93
common_voice_he_41616758	noise-free-sound-0101.wav	54.27	0.46
common_voice_he_41616760	noise-free-sound-0480.wav	19.46	5.64
common_voice_he_41616761	noise-free-sound-0636.wav	9.64	5.33
common_voice_he_41616762	noise-free-sound-0439.wav	0.87	3.55
common_voice_he_41616770	noise-free-sound-0743.wav	32.84	1.32
common_voice_he_41616772	noise-free-sound-0256.wav	10.07	2.75
common_voice_he_41616788	noise-free-sound-0443.wav	4.54	1.39
common_voice_he_41616790	noise-free-sound-0761.wav	15.47	4.71
common_voice_he_41616792	noise-free-sound-0560.wav	72.90	2.87
common_voice_he_41616807	noise-free-sound-0055.wav	29.66	4.90
common_voice_he_41616808	noise-free-sound-0500.wav	0.81	4.37
common_voice_he_41616809	noise-free-sound-0646.wav	12.17	1.35
common_voice_he_41616811	noise-free-sound-0600.wav	2.88	5.15
common_voice_he_41617129	noise-free-sound-0251.wav	0.90	0.07
common_voice_he_41617130	noise-free-sound-0280.wav	41.17	5.34
common_voice_he_41617131	noise-free-sound-0117.wav	27.93	4.18
common_voice_he_41617133	noise-free-sound-0086.wav	18.99	3.51
common_voice_he_41617137	noise-free-sound-0474.wav	0.45	2.82
common_voice_he_41869858	noise-free-sound-0153.wav	12.92	5.60
common_voice_he_41869860	noise-free-sound-0080.wav	7.96	4.43
common_voice_he_41869861	noise-free-sound-0280.wav	57.23	2.80
common_voice_he_41896622	noise-free-sound-0533.wav	17.57	3.63
common_voice_he_42358470	noise-free-sound-0251.wav	26.00	5.03
common_voice_he_42402440	noise-free-sound-0288.wav	7.27	4.47
common_voice_he_42487978	noise-free-sound-0233.wav	38.73	2.98
common_voice_he_42487979	noise-free-sound-0533.wav	0.22	1.17
common_voice_he_42922381	noise-free-sound-0500.wav	3.55	0.98
common_voice_he_43281934	noise-free-sound-0661.wav	12.49	4.82
common_voice_he_43281935	noise-free-sound-0106.wav	10.11	2.64
common_voice_he_43281936	noise-free-sound-0740.wav	55.27	1.02
common_voice_he_43281938	noise-free-sound-0418.wav	14.93	3.47
common_voice_he_43281947	noise-free-sound-0504.wav	11.21	4.49
common_voice_he_43281958	noise-free-sound-0551.wav	3.58	3.69
common_voice_he_43313116	noise-free-sound-0086.wav	25.43	2.97
common_voice_he_43313117	noise-free-sound-0172.wav	13.25	5.72
common_voice_he_43313118	noise-free-sound-0381.wav	17.84	2.25
common_voice_he_43313119	noise-free-sound-0641.wav	13.46	0.73
common_voice_he_43313120	noise-free-sound-0674.wav	21.42	4.24
common_voice_he_43313168	noise-free-sound-0677.wav	43.45	2.25
common_voice_he_43503033	noise-free-sound-0173.wav	44.94	1.84
common_voice_he_43503040	noise-free-sound-0733.wav	17.93	2.76
common_voice_he_43503045	noise-sound-bible-0060.wav	14.20	1.36
common_voice_he_43503050	noise-free-sound-0754.wav	26.95	5.72
common_voice_he_43503051	noise-free-sound-0177.wav	0.79	2.67
common_voice_he_43503055	noise-free-sound-0382.wav	31.41	5.52
common_voice_he_43503067	noise-free-sound-0239.wav	5.24	5.69
common_voice_he_43512945	noise-free-sound-0031.wav	13.85	2.18
common_voice_he_43512961	noise-free-sound-0114.wav	56.21	1.37
common_voice_he_43539839	noise-free-sound-0249.wav	3.47	0.02
common_voice_he_43539841	noise-free-sound-0818.wav	29.38	2.36
common_voice_he_43539842	noise-free-sound-0397.wav	22.23	2.75
common_voice_he_43539843	noise-free-sound-0715.wav	30.93	1.03
common_voice_he_43539844	noise-free-sound-0086.wav	38.92	2.07
common_voice_he_43539846	noise-free-sound-0239.wav	13.25	3.63
common_voice_he_43539848	noise-free-sound-0073.wav	33.95	4.12
common_voice_he_43539852	noise-free-sound-0743.wav	7.11	0.69
common_voice_he_43539859	noise-free-sound-0459.wav	10.12	5.82
